{"layer":{"id":1,"type":1,"size":5,"inputSize":1,"weights":{"matrix":{"rows":1,"cols":5,"values":[0.2070000022649765,0.9570000171661376,-0.8690000176429749,-0.578000009059906,-0.3019999861717224]}},"bias":{"matrix":{"rows":1,"cols":5,"values":[0.2070000022649765,0.9570000171661376,-0.8690000176429749,-0.578000009059906,-0.3019999861717224]}}}}