{"matrix":{"rows":1,"cols":5,"values":[0.10000000149011612,0.20000000298023225,0.30000001192092898,0.4000000059604645,0.5]}}