{"matrix":{"rows":1,"cols":5,"values":[-0.09200000017881394,-0.04899999871850014,0.1720000058412552,-0.75,-0.4449999928474426]}}