{"matrix":{"rows":5,"cols":2,"values":[-0.2759999930858612,0.890999972820282,0.020999999716877939,-0.7649999856948853,0.9440000057220459,0.6110000014305115,-0.20200000703334809,-0.6700000166893005,-0.421999990940094,-0.20200000703334809]}}