{"matrix":{"rows":1,"cols":4,"values":[0.7615941762924194,0.7615941762924194,0.7615941762924194,0.7615941762924194]}}