{"matrix":{"rows":1,"cols":15,"values":[-0.04520939290523529,0.04461400955915451,-0.0834989920258522,0.08803318440914154,-0.08592724055051804,-0.08712778240442276,-0.060294799506664279,0.02671613171696663,-0.08782394975423813,-0.04057133570313454,-0.04896583780646324,-0.025268131867051126,0.21606910228729249,0.1548384428024292,0.3186502456665039]}}